[
{"url":"https://j.top4top.io/m_3161l430b0.mp4"},
{"url":"https://k.top4top.io/m_31616i8rb1.mp4"},
{"url":"https://l.top4top.io/m_3161akdoo2.mp4"},
{"url":"https://a.top4top.io/m_31619z8yo3.mp4"},
{"url":"https://b.top4top.io/m_31611c6d84.mp4"},
{"url":"https://c.top4top.io/m_3161hteiw5.mp4"},
{"url":"https://d.top4top.io/m_3161jany36.mp4"},
{"url":"https://e.top4top.io/m_3161th5bd7.mp4"},
{"url":"https://f.top4top.io/m_31612e71d8.mp4"},
{"url":"https://g.top4top.io/m_31616gtbn9.mp4"}
]